thread_id,start_time,end_time,execution_time
3,1730546465640239466,1730546465640311334,0.000072
4,1730546465640328277,1730546465640379021,0.000051
2,1730546465640195352,1730546465640278228,0.000083
1,1730546465640140864,1730546465640191653,0.000051
0,1730546465640097746,1730546465640163547,0.000066
5,1730546465640541750,1730546465640599202,0.000057
6,1730546465640597232,1730546465640675039,0.000078
7,1730546465640656594,1730546465640726684,0.000070
8,1730546465640704178,1730546465640768310,0.000064
9,1730546465640785371,1730546465640850297,0.000065
10,1730546465640816476,1730546465640898244,0.000082
11,1730546465640862953,1730546465640933471,0.000071
12,1730546465640927521,1730546465641004965,0.000077
13,1730546465640963636,1730546465641050713,0.000087
14,1730546465641014217,1730546465641092592,0.000078
15,1730546465641068807,1730546465641163282,0.000094
16,1730546465641105584,1730546465641175288,0.000070
17,1730546465641162471,1730546465641250464,0.000088
18,1730546465641263388,1730546465641352201,0.000089
19,1730546465641302134,1730546465641384922,0.000083
20,1730546465641490722,1730546465641572361,0.000082
22,1730546465641602621,1730546465641679057,0.000076
21,1730546465641635541,1730546465641723284,0.000088
23,1730546465641649452,1730546465641735888,0.000086
24,1730546465641753713,1730546465641823983,0.000070
25,1730546465641779532,1730546465641860856,0.000081
26,1730546465641792013,1730546465641863029,0.000071
27,1730546465641848170,1730546465641928075,0.000080
28,1730546465641902529,1730546465641984024,0.000081
29,1730546465641942945,1730546465642003719,0.000061
30,1730546465642062650,1730546465642144205,0.000082
31,1730546465642102976,1730546465642191940,0.000089
32,1730546465642179422,1730546465642245208,0.000066
33,1730546465642242333,1730546465642298763,0.000056
34,1730546465642282911,1730546465642361459,0.000079
35,1730546465642334802,1730546465642396175,0.000061
36,1730546465642370110,1730546465642431033,0.000061
37,1730546465642440170,1730546465642518602,0.000078
38,1730546465642482511,1730546465642544547,0.000062
39,1730546465642534210,1730546465642620475,0.000086
40,1730546465642582996,1730546465642666313,0.000083
41,1730546465642631815,1730546465642706701,0.000075
42,1730546465642705109,1730546465642788873,0.000084
43,1730546465642765021,1730546465642849892,0.000085
44,1730546465642846160,1730546465642938369,0.000092
45,1730546465642882085,1730546465642974522,0.000092
46,1730546465642905982,1730546465642975859,0.000070
47,1730546465643047415,1730546465643098084,0.000051
48,1730546465643092845,1730546465643177479,0.000085
49,1730546465643165909,1730546465643237160,0.000071
50,1730546465643200141,1730546465643279072,0.000079
51,1730546465643242807,1730546465643326177,0.000083
52,1730546465643294918,1730546465643372011,0.000077
53,1730546465643342616,1730546465643420661,0.000078
54,1730546465643396384,1730546465643447068,0.000051
55,1730546465643446075,1730546465643526400,0.000080
56,1730546465643517612,1730546465643579112,0.000062
57,1730546465643563925,1730546465643614825,0.000051
58,1730546465643611924,1730546465643690191,0.000078
59,1730546465643658707,1730546465643709497,0.000051
60,1730546465643707130,1730546465643767875,0.000061
61,1730546465643758709,1730546465643809432,0.000051
62,1730546465643809605,1730546465643892494,0.000083
63,1730546465643843733,1730546465643941676,0.000098
